-- phpMyAdmin SQL Dump
-- version 4.8.3
-- https://www.phpmyadmin.net/
--
-- Host: 127.0.0.1
-- Generation Time: Jan 23, 2019 at 04:23 AM
-- Server version: 10.1.35-MariaDB
-- PHP Version: 7.2.9

SET SQL_MODE = "NO_AUTO_VALUE_ON_ZERO";
SET AUTOCOMMIT = 0;
START TRANSACTION;
SET time_zone = "+00:00";


/*!40101 SET @OLD_CHARACTER_SET_CLIENT=@@CHARACTER_SET_CLIENT */;
/*!40101 SET @OLD_CHARACTER_SET_RESULTS=@@CHARACTER_SET_RESULTS */;
/*!40101 SET @OLD_COLLATION_CONNECTION=@@COLLATION_CONNECTION */;
/*!40101 SET NAMES utf8mb4 */;

--
-- Database: `far_fah`
--

-- --------------------------------------------------------

--
-- Table structure for table `item`
--

CREATE TABLE `item` (
  `id` int(11) NOT NULL,
  `nama` varchar(50) COLLATE utf8mb4_unicode_ci NOT NULL,
  `harga` int(20) NOT NULL,
  `tanggal` datetime NOT NULL DEFAULT CURRENT_TIMESTAMP
) ENGINE=InnoDB DEFAULT CHARSET=utf8mb4 COLLATE=utf8mb4_unicode_ci;

--
-- Dumping data for table `item`
--

INSERT INTO `item` (`id`, `nama`, `harga`, `tanggal`) VALUES
(2, 'Bajuu', 500, '2018-06-15 16:47:46'),
(4, 'Celana', 1000, '2018-06-15 16:48:34');

-- --------------------------------------------------------

--
-- Table structure for table `jenis`
--

CREATE TABLE `jenis` (
  `id` int(11) NOT NULL,
  `nama` varchar(30) COLLATE utf8mb4_unicode_ci NOT NULL,
  `ratio` float NOT NULL
) ENGINE=InnoDB DEFAULT CHARSET=utf8mb4 COLLATE=utf8mb4_unicode_ci;

--
-- Dumping data for table `jenis`
--

INSERT INTO `jenis` (`id`, `nama`, `ratio`) VALUES
(1, 'cuci basah', 1),
(2, 'cuci kering', 1.2),
(3, 'cuci setrika', 1.5),
(4, 'cuci males', 1.3);

-- --------------------------------------------------------

--
-- Table structure for table `pegawai`
--

CREATE TABLE `pegawai` (
  `id` int(11) NOT NULL,
  `nama` varchar(50) COLLATE utf8mb4_unicode_ci NOT NULL,
  `alamat` varchar(99) COLLATE utf8mb4_unicode_ci NOT NULL,
  `nohp` varchar(15) COLLATE utf8mb4_unicode_ci NOT NULL,
  `username` varchar(50) COLLATE utf8mb4_unicode_ci NOT NULL,
  `password` varchar(255) COLLATE utf8mb4_unicode_ci NOT NULL,
  `level` varchar(20) COLLATE utf8mb4_unicode_ci NOT NULL,
  `foto` varchar(255) COLLATE utf8mb4_unicode_ci DEFAULT NULL
) ENGINE=InnoDB DEFAULT CHARSET=utf8mb4 COLLATE=utf8mb4_unicode_ci;

--
-- Dumping data for table `pegawai`
--

INSERT INTO `pegawai` (`id`, `nama`, `alamat`, `nohp`, `username`, `password`, `level`, `foto`) VALUES
(1, '1', '1', '1', '1', 'c4ca4238a0b923820dcc509a6f75849b', 'admin', 'Code.png'),
(2, '2', '2', '2', '2', '2', 'admin', 'logoaldansorry.png'),
(3, 'Farinda', 'Malang', '081789876567', 'farinda', 'farinda', 'admin', '123.jpg'),
(4, 'fahmi', 'jember', '098098098098', 'fahmi', '202cb962ac59075b964b07152d234b70', 'admin', 'images.jpg'),
(5, 'Aalex', 'kalimantan', '081209810981', 'mick', '202cb962ac59075b964b07152d234b70', 'admin', 'dian-sastro.jpg');

-- --------------------------------------------------------

--
-- Table structure for table `transaksi`
--

CREATE TABLE `transaksi` (
  `id` int(11) NOT NULL,
  `nomor` varchar(40) COLLATE utf8mb4_unicode_ci NOT NULL,
  `nama` varchar(15) COLLATE utf8mb4_unicode_ci NOT NULL,
  `tanggal` date NOT NULL,
  `status` int(11) NOT NULL,
  `fk_jenis` int(11) NOT NULL,
  `fk_pegawai` int(11) NOT NULL
) ENGINE=InnoDB DEFAULT CHARSET=utf8mb4 COLLATE=utf8mb4_unicode_ci;

--
-- Dumping data for table `transaksi`
--

INSERT INTO `transaksi` (`id`, `nomor`, `nama`, `tanggal`, `status`, `fk_jenis`, `fk_pegawai`) VALUES
(1, 'TRN00001', '3', '2018-06-15', 3, 1, 1),
(2, 'TRN00002', 'jelita', '2018-07-01', 3, 1, 3),
(3, 'TRN00003', '12w', '2018-07-01', 2, 1, 3),
(4, 'TRN00004', 'alex', '2018-07-22', 2, 3, 3);

-- --------------------------------------------------------

--
-- Table structure for table `transaksi_detail`
--

CREATE TABLE `transaksi_detail` (
  `id` int(11) NOT NULL,
  `fk_transaksi` int(11) NOT NULL,
  `fk_item` int(11) NOT NULL,
  `jumlah` int(11) NOT NULL
) ENGINE=InnoDB DEFAULT CHARSET=utf8mb4 COLLATE=utf8mb4_unicode_ci;

--
-- Dumping data for table `transaksi_detail`
--

INSERT INTO `transaksi_detail` (`id`, `fk_transaksi`, `fk_item`, `jumlah`) VALUES
(2, 1, 2, 1),
(8, 1, 2, 1),
(9, 2, 4, 2),
(10, 1, 4, 1),
(11, 4, 2, 1),
(12, 4, 4, 1),
(13, 4, 2, 1);

--
-- Indexes for dumped tables
--

--
-- Indexes for table `item`
--
ALTER TABLE `item`
  ADD PRIMARY KEY (`id`),
  ADD UNIQUE KEY `nama` (`nama`);

--
-- Indexes for table `jenis`
--
ALTER TABLE `jenis`
  ADD PRIMARY KEY (`id`),
  ADD UNIQUE KEY `nama` (`nama`);

--
-- Indexes for table `pegawai`
--
ALTER TABLE `pegawai`
  ADD PRIMARY KEY (`id`),
  ADD UNIQUE KEY `username` (`username`);

--
-- Indexes for table `transaksi`
--
ALTER TABLE `transaksi`
  ADD PRIMARY KEY (`id`),
  ADD KEY `fk_jenis` (`fk_jenis`),
  ADD KEY `fk_pegawai` (`fk_pegawai`);

--
-- Indexes for table `transaksi_detail`
--
ALTER TABLE `transaksi_detail`
  ADD PRIMARY KEY (`id`),
  ADD KEY `fk_transaksi` (`fk_transaksi`),
  ADD KEY `fk_item` (`fk_item`);

--
-- AUTO_INCREMENT for dumped tables
--

--
-- AUTO_INCREMENT for table `item`
--
ALTER TABLE `item`
  MODIFY `id` int(11) NOT NULL AUTO_INCREMENT, AUTO_INCREMENT=5;

--
-- AUTO_INCREMENT for table `jenis`
--
ALTER TABLE `jenis`
  MODIFY `id` int(11) NOT NULL AUTO_INCREMENT, AUTO_INCREMENT=5;

--
-- AUTO_INCREMENT for table `pegawai`
--
ALTER TABLE `pegawai`
  MODIFY `id` int(11) NOT NULL AUTO_INCREMENT, AUTO_INCREMENT=6;

--
-- AUTO_INCREMENT for table `transaksi`
--
ALTER TABLE `transaksi`
  MODIFY `id` int(11) NOT NULL AUTO_INCREMENT, AUTO_INCREMENT=5;

--
-- AUTO_INCREMENT for table `transaksi_detail`
--
ALTER TABLE `transaksi_detail`
  MODIFY `id` int(11) NOT NULL AUTO_INCREMENT, AUTO_INCREMENT=14;

--
-- Constraints for dumped tables
--

--
-- Constraints for table `transaksi`
--
ALTER TABLE `transaksi`
  ADD CONSTRAINT `transaksi_ibfk_1` FOREIGN KEY (`fk_jenis`) REFERENCES `jenis` (`id`),
  ADD CONSTRAINT `transaksi_ibfk_2` FOREIGN KEY (`fk_pegawai`) REFERENCES `pegawai` (`id`);

--
-- Constraints for table `transaksi_detail`
--
ALTER TABLE `transaksi_detail`
  ADD CONSTRAINT `transaksi_detail_ibfk_1` FOREIGN KEY (`fk_item`) REFERENCES `item` (`id`),
  ADD CONSTRAINT `transaksi_detail_ibfk_2` FOREIGN KEY (`fk_transaksi`) REFERENCES `transaksi` (`id`);
COMMIT;

/*!40101 SET CHARACTER_SET_CLIENT=@OLD_CHARACTER_SET_CLIENT */;
/*!40101 SET CHARACTER_SET_RESULTS=@OLD_CHARACTER_SET_RESULTS */;
/*!40101 SET COLLATION_CONNECTION=@OLD_COLLATION_CONNECTION */;
